Word,Correct
action,1
cation,0
cation,0
atcion,0
ation,0
atcion,0
aciton,0
acion,0
aciton,0
actoin,0
acton,0
actoin,0
actino,0
actin,0
actino,0
activity,1
cativity,0
cativity,0
atcivity,0
ativity,0
atcivity,0
acitvity,0
acivity,0
acitvity,0
actviity,0
actvity,0
actviity,0
actiivty,0
actiity,0
actiivty,0
activtiy,0
activty,0
activtiy,0
activiyt,0
activiy,0
activiyt,0
actually,1
catually,0
catually,0
atcually,0
atually,0
atcually,0
acutally,0
acually,0
acutally,0
actaully,0
actally,0
actaully,0
actulaly,0
actully,0
actulaly,0
actually,0
actualy,0
actually,0
actualyl,0
actualy,0
actualyl,0
add,1
dad,0
dad,0
add,0
ad,0
add,0
address,1
dadress,0
dadress,0
address,0
adress,0
address,0
adrdess,0
adress,0
adrdess,0
adderss,0
addess,0
adderss,0
addrses,0
addrss,0
addrses,0
address,0
addres,0
address,0
administration,1
daministration,0
daministration,0
amdinistration,0
aministration,0
amdinistration,0
adimnistration,0
adinistration,0
adimnistration,0
admniistration,0
admnistration,0
admniistration,0
admiinstration,0
admiistration,0
admiinstration,0
adminsitration,0
adminstration,0
adminsitration,0
adminitsration,0
adminitration,0
adminitsration,0
adminisrtation,0
adminisration,0
adminisrtation,0
administartion,0
administation,0
administartion,0
administrtaion,0
administrtion,0
administrtaion,0
administraiton,0
administraion,0
administraiton,0
administratoin,0
administraton,0
administratoin,0
administratino,0
administratin,0
administratino,0
admit,1
damit,0
damit,0
amdit,0
amit,0
amdit,0
adimt,0
adit,0
adimt,0
admti,0
admt,0
admti,0
adult,1
dault,0
dault,0
audlt,0
ault,0
audlt,0
adlut,0
adlt,0
adlut,0
adutl,0
adut,0
adutl,0
affect,1
fafect,0
fafect,0
affect,0
afect,0
affect,0
afefct,0
afect,0
afefct,0
affcet,0
affct,0
affcet,0
affetc,0
affet,0
affetc,0
after,1
fater,0
fater,0
atfer,0
ater,0
atfer,0
afetr,0
afer,0
afetr,0
aftre,0
aftr,0
aftre,0
again,1
gaain,0
gaain,0
aagin,0
aain,0
aagin,0
agian,0
agin,0
agian,0
agani,0
agan,0
agani,0
beautiful,1
ebautiful,0
ebautiful,0
baeutiful,0
bautiful,0
baeutiful,0
beuatiful,0
beutiful,0
beuatiful,0
beatuiful,0
beatiful,0
beatuiful,0
beauitful,0
beauiful,0
beauitful,0
beautfiul,0
beautful,0
beautfiul,0
beautiufl,0
beautiul,0
beautiufl,0
beautiflu,0
beautifl,0
beautiflu,0
because,1
ebcause,0
ebcause,0
bceause,0
bcause,0
bceause,0
beacuse,0
beause,0
beacuse,0
becuase,0
becuse,0
becuase,0
becasue,0
becase,0
becasue,0
becaues,0
becaue,0
becaues,0
become,1
ebcome,0
ebcome,0
bceome,0
bcome,0
bceome,0
beocme,0
beome,0
beocme,0
becmoe,0
becme,0
becmoe,0
becoem,0
becoe,0
becoem,0
bed,1
ebd,0
ebd,0
bde,0
bd,0
bde,0
before,1
ebfore,0
ebfore,0
bfeore,0
bfore,0
bfeore,0
beofre,0
beore,0
beofre,0
befroe,0
befre,0
befroe,0
befoer,0
befoe,0
befoer,0
begin,1
ebgin,0
ebgin,0
bgein,0
bgin,0
bgein,0
beign,0
bein,0
beign,0
begni,0
begn,0
begni,0
behavior,1
ebhavior,0
ebhavior,0
bheavior,0
bhavior,0
bheavior,0
beahvior,0
beavior,0
beahvior,0
behvaior,0
behvior,0
behvaior,0
behaivor,0
behaior,0
behaivor,0
behavoir,0
behavor,0
behavoir,0
behaviro,0
behavir,0
behaviro,0
behind,1
ebhind,0
ebhind,0
bheind,0
bhind,0
bheind,0
beihnd,0
beind,0
beihnd,0
behnid,0
behnd,0
behnid,0
behidn,0
behid,0
behidn,0
believe,1
eblieve,0
eblieve,0
bleieve,0
blieve,0
bleieve,0
beileve,0
beieve,0
beileve,0
beleive,0
beleve,0
beleive,0
belivee,0
belive,0
belivee,0
belieev,0
beliee,0
belieev,0
benefit,1
ebnefit,0
ebnefit,0
bneefit,0
bnefit,0
bneefit,0
beenfit,0
beefit,0
beenfit,0
benfeit,0
benfit,0
benfeit,0
beneift,0
beneit,0
beneift,0
benefti,0
beneft,0
benefti,0
best,1
ebst,0
ebst,0
bset,0
bst,0
bset,0
bets,0
bet,0
bets,0
better,1
ebtter,0
ebtter,0
bteter,0
btter,0
bteter,0
better,0
beter,0
better,0
betetr,0
beter,0
betetr,0
bettre,0
bettr,0
bettre,0
between,1
ebtween,0
ebtween,0
bteween,0
btween,0
bteween,0
bewteen,0
beween,0
bewteen,0
betewen,0
beteen,0
betewen,0
between,0
betwen,0
between,0
betwene,0
betwen,0
betwene,0
center,1
ecnter,0
ecnter,0
cneter,0
cnter,0
cneter,0
cetner,0
ceter,0
cetner,0
cenetr,0
cener,0
cenetr,0
centre,0
centr,0
centre,0
central,1
ecntral,0
ecntral,0
cnetral,0
cntral,0
cnetral,0
cetnral,0
cetral,0
cetnral,0
cenrtal,0
cenral,0
cenrtal,0
centarl,0
cental,0
centarl,0
centrla,0
centrl,0
centrla,0
century,1
ecntury,0
ecntury,0
cnetury,0
cntury,0
cnetury,0
cetnury,0
cetury,0
cetnury,0
cenutry,0
cenury,0
cenutry,0
centruy,0
centry,0
centruy,0
centuyr,0
centuy,0
centuyr,0
certain,1
ecrtain,0
ecrtain,0
cretain,0
crtain,0
cretain,0
cetrain,0
cetain,0
cetrain,0
ceratin,0
cerain,0
ceratin,0
certian,0
certin,0
certian,0
certani,0
certan,0
certani,0
certainly,1
ecrtainly,0
ecrtainly,0
cretainly,0
crtainly,0
cretainly,0
cetrainly,0
cetainly,0
cetrainly,0
ceratinly,0
cerainly,0
ceratinly,0
certianly,0
certinly,0
certianly,0
certanily,0
certanly,0
certanily,0
certailny,0
certaily,0
certailny,0
certainyl,0
certainy,0
certainyl,0
chair,1
hcair,0
hcair,0
cahir,0
cair,0
cahir,0
chiar,0
chir,0
chiar,0
chari,0
char,0
chari,0
challenge,1
hcallenge,0
hcallenge,0
cahllenge,0
callenge,0
cahllenge,0
chlalenge,0
chllenge,0
chlalenge,0
challenge,0
chalenge,0
challenge,0
chalelnge,0
chalenge,0
chalelnge,0
challnege,0
challnge,0
challnege,0
challegne,0
challege,0
challegne,0
challeneg,0
challene,0
challeneg,0
chance,1
hcance,0
hcance,0
cahnce,0
cance,0
cahnce,0
chnace,0
chnce,0
chnace,0
chacne,0
chace,0
chacne,0
chanec,0
chane,0
chanec,0
change,1
hcange,0
hcange,0
cahnge,0
cange,0
cahnge,0
chnage,0
chnge,0
chnage,0
chagne,0
chage,0
chagne,0
chaneg,0
chane,0
chaneg,0
character,1
hcaracter,0
hcaracter,0
cahracter,0
caracter,0
cahracter,0
chraacter,0
chracter,0
chraacter,0
chaarcter,0
chaacter,0
chaarcter,0
charcater,0
charcter,0
charcater,0
charatcer,0
charater,0
charatcer,0
characetr,0
characer,0
characetr,0
charactre,0
charactr,0
charactre,0
charge,1
hcarge,0
hcarge,0
cahrge,0
carge,0
cahrge,0
chrage,0
chrge,0
chrage,0
chagre,0
chage,0
chagre,0
chareg,0
chare,0
chareg,0
check,1
hceck,0
hceck,0
cehck,0
ceck,0
cehck,0
chcek,0
chck,0
chcek,0
chekc,0
chek,0
chekc,0
child,1
hcild,0
hcild,0
cihld,0
cild,0
cihld,0
chlid,0
chld,0
chlid,0
chidl,0
chid,0
chidl,0
choice,1
hcoice,0
hcoice,0
cohice,0
coice,0
cohice,0
chioce,0
chice,0
chioce,0
chocie,0
choce,0
chocie,0
choiec,0
choie,0
choiec,0
debate,1
edbate,0
edbate,0
dbeate,0
dbate,0
dbeate,0
deabte,0
deate,0
deabte,0
debtae,0
debte,0
debtae,0
debaet,0
debae,0
debaet,0
decade,1
edcade,0
edcade,0
dceade,0
dcade,0
dceade,0
deacde,0
deade,0
deacde,0
decdae,0
decde,0
decdae,0
decaed,0
decae,0
decaed,0
decide,1
edcide,0
edcide,0
dceide,0
dcide,0
dceide,0
deicde,0
deide,0
deicde,0
decdie,0
decde,0
decdie,0
decied,0
decie,0
decied,0
decision,1
edcision,0
edcision,0
dceision,0
dcision,0
dceision,0
deicsion,0
deision,0
deicsion,0
decsiion,0
decsion,0
decsiion,0
deciison,0
deciion,0
deciison,0
decisoin,0
decison,0
decisoin,0
decisino,0
decisin,0
decisino,0
deep,1
edep,0
edep,0
deep,0
dep,0
deep,0
depe,0
dep,0
depe,0
defense,1
edfense,0
edfense,0
dfeense,0
dfense,0
dfeense,0
deefnse,0
deense,0
deefnse,0
defnese,0
defnse,0
defnese,0
defesne,0
defese,0
defesne,0
defenes,0
defene,0
defenes,0
degree,1
edgree,0
edgree,0
dgeree,0
dgree,0
dgeree,0
dergee,0
deree,0
dergee,0
degere,0
degee,0
degere,0
degree,0
degre,0
degree,0
Democrat,1
eDmocrat,0
eDmocrat,0
Dmeocrat,0
Dmocrat,0
Dmeocrat,0
Deomcrat,0
Deocrat,0
Deomcrat,0
Demcorat,0
Demcrat,0
Demcorat,0
Demorcat,0
Demorat,0
Demorcat,0
Democart,0
Democat,0
Democart,0
Democrta,0
Democrt,0
Democrta,0
democratic,1
edmocratic,0
edmocratic,0
dmeocratic,0
dmocratic,0
dmeocratic,0
deomcratic,0
deocratic,0
deomcratic,0
demcoratic,0
demcratic,0
demcoratic,0
demorcatic,0
demoratic,0
demorcatic,0
democartic,0
democatic,0
democartic,0
democrtaic,0
democrtic,0
democrtaic,0
democraitc,0
democraic,0
democraitc,0
democratci,0
democratc,0
democratci,0
describe,1
edscribe,0
edscribe,0
dsecribe,0
dscribe,0
dsecribe,0
decsribe,0
decribe,0
decsribe,0
desrcibe,0
desribe,0
desrcibe,0
descirbe,0
descibe,0
descirbe,0
descrbie,0
descrbe,0
descrbie,0
descrieb,0
descrie,0
descrieb,0
design,1
edsign,0
edsign,0
dseign,0
dsign,0
dseign,0
deisgn,0
deign,0
deisgn,0
desgin,0
desgn,0
desgin,0
desing,0
desin,0
desing,0
despite,1
edspite,0
edspite,0
dsepite,0
dspite,0
dsepite,0
depsite,0
depite,0
depsite,0
desipte,0
desite,0
desipte,0
desptie,0
despte,0
desptie,0
despiet,0
despie,0
despiet,0
environment,1
nevironment,0
nevironment,0
evnironment,0
evironment,0
evnironment,0
enivronment,0
enironment,0
enivronment,0
envrionment,0
envronment,0
envrionment,0
enviornment,0
envionment,0
enviornment,0
envirnoment,0
envirnment,0
envirnoment,0
enviromnent,0
enviroment,0
enviromnent,0
environemnt,0
environent,0
environemnt,0
environmnet,0
environmnt,0
environmnet,0
environmetn,0
environmet,0
environmetn,0
environmental,1
nevironmental,0
nevironmental,0
evnironmental,0
evironmental,0
evnironmental,0
enivronmental,0
enironmental,0
enivronmental,0
envrionmental,0
envronmental,0
envrionmental,0
enviornmental,0
envionmental,0
enviornmental,0
envirnomental,0
envirnmental,0
envirnomental,0
enviromnental,0
enviromental,0
enviromnental,0
environemntal,0
environental,0
environemntal,0
environmnetal,0
environmntal,0
environmnetal,0
environmetnal,0
environmetal,0
environmetnal,0
environmenatl,0
environmenal,0
environmenatl,0
environmentla,0
environmentl,0
environmentla,0
especially,1
sepecially,0
sepecially,0
epsecially,0
epecially,0
epsecially,0
esepcially,0
esecially,0
esepcially,0
espceially,0
espcially,0
espceially,0
espeically,0
espeially,0
espeically,0
especailly,0
especally,0
especailly,0
especilaly,0
especilly,0
especilaly,0
especially,0
especialy,0
especially,0
especialyl,0
especialy,0
especialyl,0
establish,1
setablish,0
setablish,0
etsablish,0
etablish,0
etsablish,0
esatblish,0
esablish,0
esatblish,0
estbalish,0
estblish,0
estbalish,0
estalbish,0
estalish,0
estalbish,0
estabilsh,0
estabish,0
estabilsh,0
establsih,0
establsh,0
establsih,0
establihs,0
establih,0
establihs,0
even,1
veen,0
veen,0
eevn,0
een,0
eevn,0
evne,0
evn,0
evne,0
evening,1
veening,0
veening,0
eevning,0
eening,0
eevning,0
evneing,0
evning,0
evneing,0
eveinng,0
eveing,0
eveinng,0
evennig,0
evenng,0
evennig,0
evenign,0
evenig,0
evenign,0
event,1
veent,0
veent,0
eevnt,0
eent,0
eevnt,0
evnet,0
evnt,0
evnet,0
evetn,0
evet,0
evetn,0
ever,1
veer,0
veer,0
eevr,0
eer,0
eevr,0
evre,0
evr,0
evre,0
every,1
veery,0
veery,0
eevry,0
eery,0
eevry,0
evrey,0
evry,0
evrey,0
eveyr,0
evey,0
eveyr,0
everybody,1
veerybody,0
veerybody,0
eevrybody,0
eerybody,0
eevrybody,0
evreybody,0
evrybody,0
evreybody,0
eveyrbody,0
eveybody,0
eveyrbody,0
everbyody,0
everbody,0
everbyody,0
everyobdy,0
everyody,0
everyobdy,0
everybdoy,0
everybdy,0
everybdoy,0
everyboyd,0
everyboy,0
everyboyd,0
everyone,1
veeryone,0
veeryone,0
eevryone,0
eeryone,0
eevryone,0
evreyone,0
evryone,0
evreyone,0
eveyrone,0
eveyone,0
eveyrone,0
everoyne,0
everone,0
everoyne,0
everynoe,0
everyne,0
everynoe,0
everyoen,0
everyoe,0
everyoen,0
everything,1
veerything,0
veerything,0
eevrything,0
eerything,0
eevrything,0
evreything,0
evrything,0
evreything,0
eveyrthing,0
eveything,0
eveyrthing,0
evertyhing,0
everthing,0
evertyhing,0
everyhting,0
everyhing,0
everyhting,0
everytihng,0
everyting,0
everytihng,0
everythnig,0
everythng,0
everythnig,0
everythign,0
everythig,0
everythign,0
force,1
ofrce,0
ofrce,0
froce,0
frce,0
froce,0
focre,0
foce,0
focre,0
forec,0
fore,0
forec,0
foreign,1
ofreign,0
ofreign,0
froeign,0
freign,0
froeign,0
foerign,0
foeign,0
foerign,0
foriegn,0
forign,0
foriegn,0
foregin,0
foregn,0
foregin,0
foreing,0
forein,0
foreing,0
forget,1
ofrget,0
ofrget,0
froget,0
frget,0
froget,0
fogret,0
foget,0
fogret,0
foregt,0
foret,0
foregt,0
forgte,0
forgt,0
forgte,0
form,1
ofrm,0
ofrm,0
from,0
frm,0
from,0
fomr,0
fom,0
fomr,0
former,1
ofrmer,0
ofrmer,0
fromer,0
frmer,0
fromer,0
fomrer,0
fomer,0
fomrer,0
foremr,0
forer,0
foremr,0
formre,0
formr,0
formre,0
forward,1
ofrward,0
ofrward,0
froward,0
frward,0
froward,0
fowrard,0
foward,0
fowrard,0
forawrd,0
forard,0
forawrd,0
forwrad,0
forwrd,0
forwrad,0
forwadr,0
forwad,0
forwadr,0
four,1
ofur,0
ofur,0
fuor,0
fur,0
fuor,0
foru,0
for,0
foru,0
free,1
rfee,0
rfee,0
fere,0
fee,0
fere,0
free,0
fre,0
free,0
friend,1
rfiend,0
rfiend,0
firend,0
fiend,0
firend,0
freind,0
frend,0
freind,0
frined,0
frind,0
frined,0
friedn,0
fried,0
friedn,0
from,1
rfom,0
rfom,0
form,0
fom,0
form,0
frmo,0
frm,0
frmo,0
front,1
rfont,0
rfont,0
fornt,0
font,0
fornt,0
frnot,0
frnt,0
frnot,0
frotn,0
frot,0
frotn,0
full,1
ufll,0
ufll,0
flul,0
fll,0
flul,0
full,0
ful,0
full,0
good,1
ogod,0
ogod,0
good,0
god,0
good,0
godo,0
god,0
godo,0
government,1
ogvernment,0
ogvernment,0
gvoernment,0
gvernment,0
gvoernment,0
goevrnment,0
goernment,0
goevrnment,0
govrenment,0
govrnment,0
govrenment,0
govenrment,0
govenment,0
govenrment,0
govermnent,0
goverment,0
govermnent,0
governemnt,0
governent,0
governemnt,0
governmnet,0
governmnt,0
governmnet,0
governmetn,0
governmet,0
governmetn,0
great,1
rgeat,0
rgeat,0
gerat,0
geat,0
gerat,0
graet,0
grat,0
graet,0
greta,0
gret,0
greta,0
green,1
rgeen,0
rgeen,0
geren,0
geen,0
geren,0
green,0
gren,0
green,0
grene,0
gren,0
grene,0
ground,1
rgound,0
rgound,0
gorund,0
gound,0
gorund,0
gruond,0
grund,0
gruond,0
gronud,0
grond,0
gronud,0
groudn,0
groud,0
groudn,0
group,1
rgoup,0
rgoup,0
gorup,0
goup,0
gorup,0
gruop,0
grup,0
gruop,0
gropu,0
grop,0
gropu,0
grow,1
rgow,0
rgow,0
gorw,0
gow,0
gorw,0
grwo,0
grw,0
grwo,0
growth,1
rgowth,0
rgowth,0
gorwth,0
gowth,0
gorwth,0
grwoth,0
grwth,0
grwoth,0
grotwh,0
groth,0
grotwh,0
growht,0
growh,0
growht,0
guess,1
ugess,0
ugess,0
geuss,0
gess,0
geuss,0
guses,0
guss,0
guses,0
guess,0
gues,0
guess,0
gun,1
ugn,0
ugn,0
gnu,0
gn,0
gnu,0
guy,1
ugy,0
ugy,0
gyu,0
gy,0
gyu,0
history,1
ihstory,0
ihstory,0
hsitory,0
hstory,0
hsitory,0
hitsory,0
hitory,0
hitsory,0
hisotry,0
hisory,0
hisotry,0
histroy,0
histry,0
histroy,0
histoyr,0
histoy,0
histoyr,0
hit,1
iht,0
iht,0
hti,0
ht,0
hti,0
hold,1
ohld,0
ohld,0
hlod,0
hld,0
hlod,0
hodl,0
hod,0
hodl,0
home,1
ohme,0
ohme,0
hmoe,0
hme,0
hmoe,0
hoem,0
hoe,0
hoem,0
hope,1
ohpe,0
ohpe,0
hpoe,0
hpe,0
hpoe,0
hoep,0
hoe,0
hoep,0
hospital,1
ohspital,0
ohspital,0
hsopital,0
hspital,0
hsopital,0
hopsital,0
hopital,0
hopsital,0
hosiptal,0
hosital,0
hosiptal,0
hosptial,0
hosptal,0
hosptial,0
hospiatl,0
hospial,0
hospiatl,0
hospitla,0
hospitl,0
hospitla,0
hot,1
oht,0
oht,0
hto,0
ht,0
hto,0
hotel,1
ohtel,0
ohtel,0
htoel,0
htel,0
htoel,0
hoetl,0
hoel,0
hoetl,0
hotle,0
hotl,0
hotle,0
hour,1
ohur,0
ohur,0
huor,0
hur,0
huor,0
horu,0
hor,0
horu,0
house,1
ohuse,0
ohuse,0
huose,0
huse,0
huose,0
hosue,0
hose,0
hosue,0
houes,0
houe,0
houes,0
how,1
ohw,0
ohw,0
hwo,0
hw,0
hwo,0
however,1
ohwever,0
ohwever,0
hwoever,0
hwever,0
hwoever,0
hoewver,0
hoever,0
hoewver,0
howveer,0
howver,0
howveer,0
howeevr,0
howeer,0
howeevr,0
howevre,0
howevr,0
howevre,0
huge,1
uhge,0
uhge,0
hgue,0
hge,0
hgue,0
hueg,0
hue,0
hueg,0
increase,1
nicrease,0
nicrease,0
icnrease,0
icrease,0
icnrease,0
inrcease,0
inrease,0
inrcease,0
incerase,0
incease,0
incerase,0
incraese,0
incrase,0
incraese,0
incresae,0
increse,0
incresae,0
increaes,0
increae,0
increaes,0
indeed,1
nideed,0
nideed,0
idneed,0
ideed,0
idneed,0
ineded,0
ineed,0
ineded,0
indeed,0
inded,0
indeed,0
indede,0
inded,0
indede,0
indicate,1
nidicate,0
nidicate,0
idnicate,0
idicate,0
idnicate,0
inidcate,0
inicate,0
inidcate,0
indciate,0
indcate,0
indciate,0
indiacte,0
indiate,0
indiacte,0
indictae,0
indicte,0
indictae,0
indicaet,0
indicae,0
indicaet,0
individual,1
nidividual,0
nidividual,0
idnividual,0
idividual,0
idnividual,0
inidvidual,0
inividual,0
inidvidual,0
indviidual,0
indvidual,0
indviidual,0
indiivdual,0
indiidual,0
indiivdual,0
indivdiual,0
indivdual,0
indivdiual,0
indiviudal,0
indiviual,0
indiviudal,0
individaul,0
individal,0
individaul,0
individula,0
individul,0
individula,0
industry,1
nidustry,0
nidustry,0
idnustry,0
idustry,0
idnustry,0
inudstry,0
inustry,0
inudstry,0
indsutry,0
indstry,0
indsutry,0
indutsry,0
indutry,0
indutsry,0
indusrty,0
indusry,0
indusrty,0
industyr,0
industy,0
industyr,0
information,1
niformation,0
niformation,0
ifnormation,0
iformation,0
ifnormation,0
inofrmation,0
inormation,0
inofrmation,0
infromation,0
infrmation,0
infromation,0
infomration,0
infomation,0
infomration,0
inforamtion,0
inforation,0
inforamtion,0
informtaion,0
informtion,0
informtaion,0
informaiton,0
informaion,0
informaiton,0
informatoin,0
informaton,0
informatoin,0
informatino,0
informatin,0
informatino,0
inside,1
niside,0
niside,0
isnide,0
iside,0
isnide,0
inisde,0
inide,0
inisde,0
insdie,0
insde,0
insdie,0
insied,0
insie,0
insied,0
instead,1
nistead,0
nistead,0
isntead,0
istead,0
isntead,0
intsead,0
intead,0
intsead,0
insetad,0
insead,0
insetad,0
instaed,0
instad,0
instaed,0
insteda,0
insted,0
insteda,0
institution,1
nistitution,0
nistitution,0
isntitution,0
istitution,0
isntitution,0
intsitution,0
intitution,0
intsitution,0
insittution,0
insitution,0
insittution,0
insttiution,0
insttution,0
insttiution,0
instiuttion,0
instiution,0
instiuttion,0
instittuion,0
instittion,0
instittuion,0
instituiton,0
instituion,0
instituiton,0
institutoin,0
instituton,0
institutoin,0
institutino,0
institutin,0
institutino,0
interest,1
niterest,0
niterest,0
itnerest,0
iterest,0
itnerest,0
inetrest,0
inerest,0
inetrest,0
intreest,0
intrest,0
intreest,0
inteerst,0
inteest,0
inteerst,0
interset,0
interst,0
interset,0
interets,0
interet,0
interets,0
interesting,1
niteresting,0
niteresting,0
itneresting,0
iteresting,0
itneresting,0
inetresting,0
ineresting,0
inetresting,0
intreesting,0
intresting,0
intreesting,0
inteersting,0
inteesting,0
inteersting,0
interseting,0
intersting,0
interseting,0
interetsing,0
intereting,0
interetsing,0
interesitng,0
interesing,0
interesitng,0
interestnig,0
interestng,0
interestnig,0
interestign,0
interestig,0
interestign,0
international,1
niternational,0
niternational,0
itnernational,0
iternational,0
itnernational,0
inetrnational,0
inernational,0
inetrnational,0
intrenational,0
intrnational,0
intrenational,0
intenrational,0
intenational,0
intenrational,0
interantional,0
interational,0
interantional,0
interntaional,0
interntional,0
interntaional,0
internaitonal,0
internaional,0
internaitonal,0
internatoinal,0
internatonal,0
internatoinal,0
internatinoal,0
internatinal,0
internatinoal,0
internatioanl,0
internatioal,0
internatioanl,0
internationla,0
internationl,0
internationla,0
interview,1
niterview,0
niterview,0
itnerview,0
iterview,0
itnerview,0
inetrview,0
inerview,0
inetrview,0
intreview,0
intrview,0
intreview,0
intevriew,0
inteview,0
intevriew,0
interivew,0
interiew,0
interivew,0
interveiw,0
intervew,0
interveiw,0
interviwe,0
interviw,0
interviwe,0
job,1
ojb,0
ojb,0
jbo,0
jb,0
jbo,0
join,1
ojin,0
ojin,0
jion,0
jin,0
jion,0
joni,0
jon,0
joni,0
just,1
ujst,0
ujst,0
jsut,0
jst,0
jsut,0
juts,0
jut,0
juts,0
kid,1
ikd,0
ikd,0
kdi,0
kd,0
kdi,0
kill,1
ikll,0
ikll,0
klil,0
kll,0
klil,0
kill,0
kil,0
kill,0
kind,1
iknd,0
iknd,0
knid,0
knd,0
knid,0
kidn,0
kid,0
kidn,0
kitchen,1
iktchen,0
iktchen,0
ktichen,0
ktchen,0
ktichen,0
kicthen,0
kichen,0
kicthen,0
kithcen,0
kithen,0
kithcen,0
kitcehn,0
kitcen,0
kitcehn,0
kitchne,0
kitchn,0
kitchne,0
know,1
nkow,0
nkow,0
konw,0
kow,0
konw,0
knwo,0
knw,0
knwo,0
knowledge,1
nkowledge,0
nkowledge,0
konwledge,0
kowledge,0
konwledge,0
knwoledge,0
knwledge,0
knwoledge,0
knolwedge,0
knoledge,0
knolwedge,0
knoweldge,0
knowedge,0
knoweldge,0
knowldege,0
knowldge,0
knowldege,0
knowlegde,0
knowlege,0
knowlegde,0
knowledeg,0
knowlede,0
knowledeg,0
land,1
alnd,0
alnd,0
lnad,0
lnd,0
lnad,0
ladn,0
lad,0
ladn,0
language,1
alnguage,0
alnguage,0
lnaguage,0
lnguage,0
lnaguage,0
lagnuage,0
laguage,0
lagnuage,0
lanugage,0
lanuage,0
lanugage,0
langauge,0
langage,0
langauge,0
langugae,0
languge,0
langugae,0
languaeg,0
languae,0
languaeg,0
large,1
alrge,0
alrge,0
lrage,0
lrge,0
lrage,0
lagre,0
lage,0
lagre,0
lareg,0
lare,0
lareg,0
last,1
alst,0
alst,0
lsat,0
lst,0
lsat,0
lats,0
lat,0
lats,0
late,1
alte,0
alte,0
ltae,0
lte,0
ltae,0
laet,0
lae,0
laet,0
later,1
alter,0
alter,0
ltaer,0
lter,0
ltaer,0
laetr,0
laer,0
laetr,0
latre,0
latr,0
latre,0
laugh,1
alugh,0
alugh,0
luagh,0
lugh,0
luagh,0
laguh,0
lagh,0
laguh,0
lauhg,0
lauh,0
lauhg,0
law,1
alw,0
alw,0
lwa,0
lw,0
lwa,0
lawyer,1
alwyer,0
alwyer,0
lwayer,0
lwyer,0
lwayer,0
laywer,0
layer,0
laywer,0
laweyr,0
lawer,0
laweyr,0
lawyre,0
lawyr,0
lawyre,0
lay,1
aly,0
aly,0
lya,0
ly,0
lya,0
lead,1
elad,0
elad,0
laed,0
lad,0
laed,0
leda,0
led,0
leda,0
leader,1
elader,0
elader,0
laeder,0
lader,0
laeder,0
ledaer,0
leder,0
ledaer,0
leaedr,0
leaer,0
leaedr,0
leadre,0
leadr,0
leadre,0
machine,1
amchine,0
amchine,0
mcahine,0
mchine,0
mcahine,0
mahcine,0
mahine,0
mahcine,0
macihne,0
macine,0
macihne,0
machnie,0
machne,0
machnie,0
machien,0
machie,0
machien,0
magazine,1
amgazine,0
amgazine,0
mgaazine,0
mgazine,0
mgaazine,0
maagzine,0
maazine,0
maagzine,0
magzaine,0
magzine,0
magzaine,0
magaizne,0
magaine,0
magaizne,0
magaznie,0
magazne,0
magaznie,0
magazien,0
magazie,0
magazien,0
main,1
amin,0
amin,0
mian,0
min,0
mian,0
mani,0
man,0
mani,0
maintain,1
amintain,0
amintain,0
miantain,0
mintain,0
miantain,0
manitain,0
mantain,0
manitain,0
maitnain,0
maitain,0
maitnain,0
mainatin,0
mainain,0
mainatin,0
maintian,0
maintin,0
maintian,0
maintani,0
maintan,0
maintani,0
major,1
amjor,0
amjor,0
mjaor,0
mjor,0
mjaor,0
maojr,0
maor,0
maojr,0
majro,0
majr,0
majro,0
majority,1
amjority,0
amjority,0
mjaority,0
mjority,0
mjaority,0
maojrity,0
maority,0
maojrity,0
majroity,0
majrity,0
majroity,0
majoirty,0
majoity,0
majoirty,0
majortiy,0
majorty,0
majortiy,0
majoriyt,0
majoriy,0
majoriyt,0
make,1
amke,0
amke,0
mkae,0
mke,0
mkae,0
maek,0
mae,0
maek,0
man,1
amn,0
amn,0
mna,0
mn,0
mna,0
manage,1
amnage,0
amnage,0
mnaage,0
mnage,0
mnaage,0
maange,0
maage,0
maange,0
mangae,0
mange,0
mangae,0
manaeg,0
manae,0
manaeg,0
management,1
amnagement,0
amnagement,0
mnaagement,0
mnagement,0
mnaagement,0
maangement,0
maagement,0
maangement,0
mangaement,0
mangement,0
mangaement,0
manaegment,0
manaement,0
manaegment,0
managmeent,0
managment,0
managmeent,0
manageemnt,0
manageent,0
manageemnt,0
managemnet,0
managemnt,0
managemnet,0
managemetn,0
managemet,0
managemetn,0
manager,1
amnager,0
amnager,0
mnaager,0
mnager,0
mnaager,0
maanger,0
maager,0
maanger,0
mangaer,0
manger,0
mangaer,0
manaegr,0
manaer,0
manaegr,0
managre,0
managr,0
managre,0
national,1
antional,0
antional,0
ntaional,0
ntional,0
ntaional,0
naitonal,0
naional,0
naitonal,0
natoinal,0
natonal,0
natoinal,0
natinoal,0
natinal,0
natinoal,0
natioanl,0
natioal,0
natioanl,0
nationla,0
nationl,0
nationla,0
natural,1
antural,0
antural,0
ntaural,0
ntural,0
ntaural,0
nautral,0
naural,0
nautral,0
natrual,0
natral,0
natrual,0
natuarl,0
natual,0
natuarl,0
naturla,0
naturl,0
naturla,0
nature,1
anture,0
anture,0
ntaure,0
nture,0
ntaure,0
nautre,0
naure,0
nautre,0
natrue,0
natre,0
natrue,0
natuer,0
natue,0
natuer,0
near,1
enar,0
enar,0
naer,0
nar,0
naer,0
nera,0
ner,0
nera,0
nearly,1
enarly,0
enarly,0
naerly,0
narly,0
naerly,0
neraly,0
nerly,0
neraly,0
nealry,0
nealy,0
nealry,0
nearyl,0
neary,0
nearyl,0
necessary,1
encessary,0
encessary,0
nceessary,0
ncessary,0
nceessary,0
neecssary,0
neessary,0
neecssary,0
necsesary,0
necssary,0
necsesary,0
necessary,0
necesary,0
necessary,0
necesasry,0
necesary,0
necesasry,0
necessray,0
necessry,0
necessray,0
necessayr,0
necessay,0
necessayr,0
need,1
ened,0
ened,0
need,0
ned,0
need,0
nede,0
ned,0
nede,0
network,1
entwork,0
entwork,0
ntework,0
ntwork,0
ntework,0
newtork,0
nework,0
newtork,0
netowrk,0
netork,0
netowrk,0
netwrok,0
netwrk,0
netwrok,0
netwokr,0
netwok,0
netwokr,0
never,1
enver,0
enver,0
nveer,0
nver,0
nveer,0
neevr,0
neer,0
neevr,0
nevre,0
nevr,0
nevre,0
new,1
enw,0
enw,0
nwe,0
nw,0
nwe,0
news,1
enws,0
enws,0
nwes,0
nws,0
nwes,0
nesw,0
nes,0
nesw,0
once,1
noce,0
noce,0
ocne,0
oce,0
ocne,0
onec,0
one,0
onec,0
one,1
noe,0
noe,0
oen,0
oe,0
oen,0
only,1
noly,0
noly,0
olny,0
oly,0
olny,0
onyl,0
ony,0
onyl,0
onto,1
noto,0
noto,0
otno,0
oto,0
otno,0
onot,0
ono,0
onot,0
open,1
poen,0
poen,0
oepn,0
oen,0
oepn,0
opne,0
opn,0
opne,0
operation,1
poeration,0
poeration,0
oepration,0
oeration,0
oepration,0
opreation,0
opration,0
opreation,0
opeartion,0
opeation,0
opeartion,0
opertaion,0
opertion,0
opertaion,0
operaiton,0
operaion,0
operaiton,0
operatoin,0
operaton,0
operatoin,0
operatino,0
operatin,0
operatino,0
opportunity,1
poportunity,0
poportunity,0
opportunity,0
oportunity,0
opportunity,0
opoprtunity,0
oportunity,0
opoprtunity,0
opprotunity,0
opprtunity,0
opprotunity,0
oppotrunity,0
oppotunity,0
oppotrunity,0
opporutnity,0
opporunity,0
opporutnity,0
opportnuity,0
opportnity,0
opportnuity,0
opportuinty,0
opportuity,0
opportuinty,0
opportuntiy,0
opportunty,0
opportuntiy,0
opportuniyt,0
opportuniy,0
opportuniyt,0
option,1
potion,0
potion,0
otpion,0
otion,0
otpion,0
opiton,0
opion,0
opiton,0
optoin,0
opton,0
optoin,0
optino,0
optin,0
optino,0
or,1
ro,0
ro,0
order,1
roder,0
roder,0
odrer,0
oder,0
odrer,0
oredr,0
orer,0
oredr,0
ordre,0
ordr,0
ordre,0
organization,1
roganization,0
roganization,0
ogranization,0
oganization,0
ogranization,0
oragnization,0
oranization,0
oragnization,0
orgnaization,0
orgnization,0
orgnaization,0
orgainzation,0
orgaization,0
orgainzation,0
organziation,0
organzation,0
organziation,0
organiaztion,0
organiation,0
organiaztion,0
organiztaion,0
organiztion,0
organiztaion,0
organizaiton,0
organizaion,0
organizaiton,0
organizatoin,0
organizaton,0
organizatoin,0
organizatino,0
organizatin,0
organizatino,0
other,1
toher,0
toher,0
ohter,0
oher,0
ohter,0
otehr,0
oter,0
otehr,0
othre,0
othr,0
othre,0
participant,1
aprticipant,0
aprticipant,0
praticipant,0
prticipant,0
praticipant,0
patricipant,0
paticipant,0
patricipant,0
paritcipant,0
paricipant,0
paritcipant,0
partciipant,0
partcipant,0
partciipant,0
partiicpant,0
partiipant,0
partiicpant,0
particpiant,0
particpant,0
particpiant,0
particiapnt,0
particiant,0
particiapnt,0
participnat,0
participnt,0
participnat,0
participatn,0
participat,0
participatn,0
particular,1
aprticular,0
aprticular,0
praticular,0
prticular,0
praticular,0
patricular,0
paticular,0
patricular,0
paritcular,0
paricular,0
paritcular,0
partciular,0
partcular,0
partciular,0
partiuclar,0
partiular,0
partiuclar,0
particluar,0
particlar,0
particluar,0
particualr,0
particuar,0
particualr,0
particulra,0
particulr,0
particulra,0
particularly,1
aprticularly,0
aprticularly,0
praticularly,0
prticularly,0
praticularly,0
patricularly,0
paticularly,0
patricularly,0
paritcularly,0
paricularly,0
paritcularly,0
partciularly,0
partcularly,0
partciularly,0
partiuclarly,0
partiularly,0
partiuclarly,0
particluarly,0
particlarly,0
particluarly,0
particualrly,0
particuarly,0
particualrly,0
particulraly,0
particulrly,0
particulraly,0
particulalry,0
particulaly,0
particulalry,0
particularyl,0
particulary,0
particularyl,0
partner,1
aprtner,0
aprtner,0
pratner,0
prtner,0
pratner,0
patrner,0
patner,0
patrner,0
parnter,0
parner,0
parnter,0
partenr,0
parter,0
partenr,0
partnre,0
partnr,0
partnre,0
party,1
aprty,0
aprty,0
praty,0
prty,0
praty,0
patry,0
paty,0
patry,0
paryt,0
pary,0
paryt,0
pass,1
apss,0
apss,0
psas,0
pss,0
psas,0
pass,0
pas,0
pass,0
past,1
apst,0
apst,0
psat,0
pst,0
psat,0
pats,0
pat,0
pats,0
patient,1
aptient,0
aptient,0
ptaient,0
ptient,0
ptaient,0
paitent,0
paient,0
paitent,0
pateint,0
patent,0
pateint,0
patinet,0
patint,0
patinet,0
patietn,0
patiet,0
patietn,0
pattern,1
apttern,0
apttern,0
ptatern,0
pttern,0
ptatern,0
pattern,0
patern,0
pattern,0
patetrn,0
patern,0
patetrn,0
pattren,0
pattrn,0
pattren,0
pattenr,0
patten,0
pattenr,0
pay,1
apy,0
apy,0
pya,0
py,0
pya,0
peace,1
epace,0
epace,0
paece,0
pace,0
paece,0
pecae,0
pece,0
pecae,0
peaec,0
peae,0
peaec,0
people,1
epople,0
epople,0
poeple,0
pople,0
poeple,0
pepole,0
peple,0
pepole,0
peolpe,0
peole,0
peolpe,0
peopel,0
peope,0
peopel,0
quality,1
uqality,0
uqality,0
qaulity,0
qality,0
qaulity,0
qulaity,0
qulity,0
qulaity,0
quailty,0
quaity,0
quailty,0
qualtiy,0
qualty,0
qualtiy,0
qualiyt,0
qualiy,0
qualiyt,0
question,1
uqestion,0
uqestion,0
qeustion,0
qestion,0
qeustion,0
qusetion,0
qustion,0
qusetion,0
quetsion,0
quetion,0
quetsion,0
quesiton,0
quesion,0
quesiton,0
questoin,0
queston,0
questoin,0
questino,0
questin,0
questino,0
quickly,1
uqickly,0
uqickly,0
qiuckly,0
qickly,0
qiuckly,0
qucikly,0
quckly,0
qucikly,0
quikcly,0
quikly,0
quikcly,0
quiclky,0
quicly,0
quiclky,0
quickyl,0
quicky,0
quickyl,0
quite,1
uqite,0
uqite,0
qiute,0
qite,0
qiute,0
qutie,0
qute,0
qutie,0
quiet,0
quie,0
quiet,0
relationship,1
erlationship,0
erlationship,0
rleationship,0
rlationship,0
rleationship,0
realtionship,0
reationship,0
realtionship,0
reltaionship,0
reltionship,0
reltaionship,0
relaitonship,0
relaionship,0
relaitonship,0
relatoinship,0
relatonship,0
relatoinship,0
relatinoship,0
relatinship,0
relatinoship,0
relatiosnhip,0
relatioship,0
relatiosnhip,0
relationhsip,0
relationhip,0
relationhsip,0
relationsihp,0
relationsip,0
relationsihp,0
relationshpi,0
relationshp,0
relationshpi,0
religious,1
erligious,0
erligious,0
rleigious,0
rligious,0
rleigious,0
reilgious,0
reigious,0
reilgious,0
relgiious,0
relgious,0
relgiious,0
reliigous,0
reliious,0
reliigous,0
religoius,0
religous,0
religoius,0
religiuos,0
religius,0
religiuos,0
religiosu,0
religios,0
religiosu,0
remain,1
ermain,0
ermain,0
rmeain,0
rmain,0
rmeain,0
reamin,0
reain,0
reamin,0
remian,0
remin,0
remian,0
remani,0
reman,0
remani,0
remember,1
ermember,0
ermember,0
rmeember,0
rmember,0
rmeember,0
reemmber,0
reember,0
reemmber,0
remmeber,0
remmber,0
remmeber,0
remebmer,0
remeber,0
remebmer,0
rememebr,0
rememer,0
rememebr,0
remembre,0
remembr,0
remembre,0
remove,1
ermove,0
ermove,0
rmeove,0
rmove,0
rmeove,0
reomve,0
reove,0
reomve,0
remvoe,0
remve,0
remvoe,0
remoev,0
remoe,0
remoev,0
report,1
erport,0
erport,0
rpeort,0
rport,0
rpeort,0
reoprt,0
reort,0
reoprt,0
reprot,0
reprt,0
reprot,0
repotr,0
repot,0
repotr,0
represent,1
erpresent,0
erpresent,0
rperesent,0
rpresent,0
rperesent,0
rerpesent,0
reresent,0
rerpesent,0
repersent,0
repesent,0
repersent,0
reprseent,0
reprsent,0
reprseent,0
repreesnt,0
repreent,0
repreesnt,0
represnet,0
represnt,0
represnet,0
represetn,0
represet,0
represetn,0
Republican,1
eRpublican,0
eRpublican,0
Rpeublican,0
Rpublican,0
Rpeublican,0
Reupblican,0
Reublican,0
Reupblican,0
Repbulican,0
Repblican,0
Repbulican,0
Repulbican,0
Repulican,0
Repulbican,0
Repubilcan,0
Repubican,0
Repubilcan,0
Republcian,0
Republcan,0
Republcian,0
Republiacn,0
Republian,0
Republiacn,0
Republicna,0
Republicn,0
Republicna,0
require,1
erquire,0
erquire,0
rqeuire,0
rquire,0
rqeuire,0
reuqire,0
reuire,0
reuqire,0
reqiure,0
reqire,0
reqiure,0
requrie,0
requre,0
requrie,0
requier,0
requie,0
requier,0
research,1
ersearch,0
ersearch,0
rseearch,0
rsearch,0
rseearch,0
reesarch,0
reearch,0
reesarch,0
resaerch,0
resarch,0
resaerch,0
reserach,0
reserch,0
reserach,0
reseacrh,0
reseach,0
reseacrh,0
researhc,0
researh,0
researhc,0
resource,1
ersource,0
ersource,0
rseource,0
rsource,0
rseource,0
reosurce,0
reource,0
reosurce,0
resuorce,0
resurce,0
resuorce,0
resoruce,0
resorce,0
resoruce,0
resoucre,0
resouce,0
resoucre,0
resourec,0
resoure,0
resourec,0
respond,1
erspond,0
erspond,0
rsepond,0
rspond,0
rsepond,0
repsond,0
repond,0
repsond,0
resopnd,0
resond,0
resopnd,0
respnod,0
respnd,0
respnod,0
respodn,0
respod,0
respodn,0
social,1
oscial,0
oscial,0
scoial,0
scial,0
scoial,0
soical,0
soial,0
soical,0
socail,0
socal,0
socail,0
socila,0
socil,0
socila,0
society,1
osciety,0
osciety,0
scoiety,0
sciety,0
scoiety,0
soicety,0
soiety,0
soicety,0
soceity,0
socety,0
soceity,0
socitey,0
socity,0
socitey,0
socieyt,0
sociey,0
socieyt,0
soldier,1
osldier,0
osldier,0
slodier,0
sldier,0
slodier,0
sodlier,0
sodier,0
sodlier,0
solider,0
solier,0
solider,0
soldeir,0
solder,0
soldeir,0
soldire,0
soldir,0
soldire,0
some,1
osme,0
osme,0
smoe,0
sme,0
smoe,0
soem,0
soe,0
soem,0
somebody,1
osmebody,0
osmebody,0
smoebody,0
smebody,0
smoebody,0
soembody,0
soebody,0
soembody,0
sombeody,0
sombody,0
sombeody,0
someobdy,0
someody,0
someobdy,0
somebdoy,0
somebdy,0
somebdoy,0
someboyd,0
someboy,0
someboyd,0
someone,1
osmeone,0
osmeone,0
smoeone,0
smeone,0
smoeone,0
soemone,0
soeone,0
soemone,0
somoene,0
somone,0
somoene,0
somenoe,0
somene,0
somenoe,0
someoen,0
someoe,0
someoen,0
something,1
osmething,0
osmething,0
smoething,0
smething,0
smoething,0
soemthing,0
soething,0
soemthing,0
somtehing,0
somthing,0
somtehing,0
somehting,0
somehing,0
somehting,0
sometihng,0
someting,0
sometihng,0
somethnig,0
somethng,0
somethnig,0
somethign,0
somethig,0
somethign,0
sometimes,1
osmetimes,0
osmetimes,0
smoetimes,0
smetimes,0
smoetimes,0
soemtimes,0
soetimes,0
soemtimes,0
somteimes,0
somtimes,0
somteimes,0
someitmes,0
someimes,0
someitmes,0
sometmies,0
sometmes,0
sometmies,0
sometiems,0
someties,0
sometiems,0
sometimse,0
sometims,0
sometimse,0
son,1
osn,0
osn,0
sno,0
sn,0
sno,0
song,1
osng,0
osng,0
snog,0
sng,0
snog,0
sogn,0
sog,0
sogn,0
soon,1
oson,0
oson,0
soon,0
son,0
soon,0
sono,0
son,0
sono,0
sort,1
osrt,0
osrt,0
srot,0
srt,0
srot,0
sotr,0
sot,0
sotr,0
teacher,1
etacher,0
etacher,0
taecher,0
tacher,0
taecher,0
tecaher,0
techer,0
tecaher,0
teahcer,0
teaher,0
teahcer,0
teacehr,0
teacer,0
teacehr,0
teachre,0
teachr,0
teachre,0
team,1
etam,0
etam,0
taem,0
tam,0
taem,0
tema,0
tem,0
tema,0
technology,1
etchnology,0
etchnology,0
tcehnology,0
tchnology,0
tcehnology,0
tehcnology,0
tehnology,0
tehcnology,0
tecnhology,0
tecnology,0
tecnhology,0
techonlogy,0
techology,0
techonlogy,0
technloogy,0
technlogy,0
technloogy,0
technoolgy,0
technoogy,0
technoolgy,0
technolgoy,0
technolgy,0
technolgoy,0
technoloyg,0
technoloy,0
technoloyg,0
television,1
etlevision,0
etlevision,0
tleevision,0
tlevision,0
tleevision,0
teelvision,0
teevision,0
teelvision,0
telveision,0
telvision,0
telveision,0
teleivsion,0
teleision,0
teleivsion,0
televsiion,0
televsion,0
televsiion,0
televiison,0
televiion,0
televiison,0
televisoin,0
televison,0
televisoin,0
televisino,0
televisin,0
televisino,0
tell,1
etll,0
etll,0
tlel,0
tll,0
tlel,0
tell,0
tel,0
tell,0
ten,1
etn,0
etn,0
tne,0
tn,0
tne,0
tend,1
etnd,0
etnd,0
tned,0
tnd,0
tned,0
tedn,0
ted,0
tedn,0
term,1
etrm,0
etrm,0
trem,0
trm,0
trem,0
temr,0
tem,0
temr,0
traditional,1
rtaditional,0
rtaditional,0
tarditional,0
taditional,0
tarditional,0
trdaitional,0
trditional,0
trdaitional,0
traidtional,0
traitional,0
traidtional,0
tradtiional,0
tradtional,0
tradtiional,0
tradiitonal,0
tradiional,0
tradiitonal,0
traditoinal,0
traditonal,0
traditoinal,0
traditinoal,0
traditinal,0
traditinoal,0
traditioanl,0
traditioal,0
traditioanl,0
traditionla,0
traditionl,0
traditionla,0
training,1
rtaining,0
rtaining,0
tarining,0
taining,0
tarining,0
trianing,0
trining,0
trianing,0
traniing,0
traning,0
traniing,0
traiinng,0
traiing,0
traiinng,0
trainnig,0
trainng,0
trainnig,0
trainign,0
trainig,0
trainign,0
travel,1
rtavel,0
rtavel,0
tarvel,0
tavel,0
tarvel,0
trvael,0
trvel,0
trvael,0
traevl,0
trael,0
traevl,0
travle,0
travl,0
travle,0
treat,1
rteat,0
rteat,0
terat,0
teat,0
terat,0
traet,0
trat,0
traet,0
treta,0
tret,0
treta,0
treatment,1
rteatment,0
rteatment,0
teratment,0
teatment,0
teratment,0
traetment,0
tratment,0
traetment,0
tretament,0
tretment,0
tretament,0
treamtent,0
treament,0
treamtent,0
treatemnt,0
treatent,0
treatemnt,0
treatmnet,0
treatmnt,0
treatmnet,0
treatmetn,0
treatmet,0
treatmetn,0
under,1
nuder,0
nuder,0
udner,0
uder,0
udner,0
unedr,0
uner,0
unedr,0
undre,0
undr,0
undre,0
understand,1
nuderstand,0
nuderstand,0
udnerstand,0
uderstand,0
udnerstand,0
unedrstand,0
unerstand,0
unedrstand,0
undrestand,0
undrstand,0
undrestand,0
undesrtand,0
undestand,0
undesrtand,0
undertsand,0
undertand,0
undertsand,0
undersatnd,0
undersand,0
undersatnd,0
understnad,0
understnd,0
understnad,0
understadn,0
understad,0
understadn,0
unit,1
nuit,0
nuit,0
uint,0
uit,0
uint,0
unti,0
unt,0
unti,0
until,1
nutil,0
nutil,0
utnil,0
util,0
utnil,0
unitl,0
unil,0
unitl,0
untli,0
untl,0
untli,0
upward,1
puward,0
puward,0
uwpard,0
uward,0
uwpard,0
upawrd,0
upard,0
upawrd,0
upwrad,0
upwrd,0
upwrad,0
upwadr,0
upwad,0
upwadr,0
upon,1
puon,0
puon,0
uopn,0
uon,0
uopn,0
upno,0
upn,0
upno,0
umbrella,1
mubrella,0
mubrella,0
ubmrella,0
ubrella,0
ubmrella,0
umrbella,0
umrella,0
umrbella,0
umberlla,0
umbella,0
umberlla,0
umbrlela,0
umbrlla,0
umbrlela,0
umbrella,0
umbrela,0
umbrella,0
umbrelal,0
umbrela,0
umbrelal,0
value,1
avlue,0
avlue,0
vlaue,0
vlue,0
vlaue,0
vaule,0
vaue,0
vaule,0
valeu,0
vale,0
valeu,0
various,1
avrious,0
avrious,0
vraious,0
vrious,0
vraious,0
vairous,0
vaious,0
vairous,0
varoius,0
varous,0
varoius,0
variuos,0
varius,0
variuos,0
variosu,0
varios,0
variosu,0
very,1
evry,0
evry,0
vrey,0
vry,0
vrey,0
veyr,0
vey,0
veyr,0
victim,1
ivctim,0
ivctim,0
vcitim,0
vctim,0
vcitim,0
vitcim,0
vitim,0
vitcim,0
vicitm,0
vicim,0
vicitm,0
victmi,0
victm,0
victmi,0
view,1
ivew,0
ivew,0
veiw,0
vew,0
veiw,0
viwe,0
viw,0
viwe,0
violence,1
ivolence,0
ivolence,0
voilence,0
volence,0
voilence,0
viloence,0
vilence,0
viloence,0
vioelnce,0
vioence,0
vioelnce,0
violnece,0
violnce,0
violnece,0
violecne,0
violece,0
violecne,0
violenec,0
violene,0
violenec,0
visit,1
ivsit,0
ivsit,0
vsiit,0
vsit,0
vsiit,0
viist,0
viit,0
viist,0
visti,0
vist,0
visti,0
voice,1
ovice,0
ovice,0
vioce,0
vice,0
vioce,0
vocie,0
voce,0
vocie,0
voiec,0
voie,0
voiec,0
western,1
ewstern,0
ewstern,0
wsetern,0
wstern,0
wsetern,0
wetsern,0
wetern,0
wetsern,0
wesetrn,0
wesern,0
wesetrn,0
westren,0
westrn,0
westren,0
westenr,0
westen,0
westenr,0
what,1
hwat,0
hwat,0
waht,0
wat,0
waht,0
whta,0
wht,0
whta,0
whatever,1
hwatever,0
hwatever,0
wahtever,0
watever,0
wahtever,0
whtaever,0
whtever,0
whtaever,0
whaetver,0
whaever,0
whaetver,0
whatveer,0
whatver,0
whatveer,0
whateevr,0
whateer,0
whateevr,0
whatevre,0
whatevr,0
whatevre,0
when,1
hwen,0
hwen,0
wehn,0
wen,0
wehn,0
whne,0
whn,0
whne,0
where,1
hwere,0
hwere,0
wehre,0
were,0
wehre,0
whree,0
whre,0
whree,0
wheer,0
whee,0
wheer,0
whether,1
hwether,0
hwether,0
wehther,0
wether,0
wehther,0
whteher,0
whther,0
whteher,0
whehter,0
wheher,0
whehter,0
whetehr,0
wheter,0
whetehr,0
whethre,0
whethr,0
whethre,0
which,1
hwich,0
hwich,0
wihch,0
wich,0
wihch,0
whcih,0
whch,0
whcih,0
whihc,0
whih,0
whihc,0
while,1
hwile,0
hwile,0
wihle,0
wile,0
wihle,0
whlie,0
whle,0
whlie,0
whiel,0
whie,0
whiel,0
yard,1
ayrd,0
ayrd,0
yrad,0
yrd,0
yrad,0
yadr,0
yad,0
yadr,0
yeah,1
eyah,0
eyah,0
yaeh,0
yah,0
yaeh,0
yeha,0
yeh,0
yeha,0
year,1
eyar,0
eyar,0
yaer,0
yar,0
yaer,0
yera,0
yer,0
yera,0
yes,1
eys,0
eys,0
yse,0
ys,0
yse,0
yet,1
eyt,0
eyt,0
yte,0
yt,0
yte,0
youth,1
oyuth,0
oyuth,0
yuoth,0
yuth,0
yuoth,0
yotuh,0
yoth,0
yotuh,0
youht,0
youh,0
youht,0
young,1
oyung,0
oyung,0
yuong,0
yung,0
yuong,0
yonug,0
yong,0
yonug,0
yougn,0
youg,0
yougn,0
your,1
oyur,0
oyur,0
yuor,0
yur,0
yuor,0
yoru,0
yor,0
yoru,0
yourself,1
oyurself,0
oyurself,0
yuorself,0
yurself,0
yuorself,0
yoruself,0
yorself,0
yoruself,0
yousrelf,0
youself,0
yousrelf,0
youreslf,0
yourelf,0
youreslf,0
yourslef,0
yourslf,0
yourslef,0
yoursefl,0
yoursef,0
yoursefl,0
