Words,Sentences
action,the plan requires immediate action
activity,his favorite activity is swimming
actually,she actually prefers tea
add,please add sugar to coffee
address,he forgot the address again
administration,the administration approved the proposal
admit,i must admit my mistake
adult,he is now an adult
affect,weather can affect our mood
after,meet me after the class
again,let's try again tomorrow morning
beautiful,the painting is truly beautiful
because,i smiled because i knew
become,he will become a doctor
bed,i made the bed already
before,arrive before the show starts
begin,let's begin the lesson now
behavior,his behavior was quite surprising
behind,the cat hid behind curtains
believe,i believe in your potential
benefit,exercise has many health benefits
best,she performed her best today
better,i feel better after resting
between,ram is between the building
center,the center is crowded today
central,the room has central heating
century,the century witnessed great changes
certain,i am certain about my decision
certainly,she certainly knows her stuff
chair,he sat on the wooden chair
challenge,the challenge seemed insurmountable
chance,there's a chance of rain today
change,they decided to change the plan
character,his character is beyond reproach
charge,the charge was completely unexpected
check,please check the document thoroughly
child,the child played in the park
choice,she had a difficult choice to make
debate,the debate lasted for hours
decade,the decade saw significant changes
decide,you must decide soon
decision,making a decision can be tough
deep,the lake is quite deep here
defense,his defense was very strong
degree,she has a degree in biology
Democrat,he is a committed democrat
democratic,the process was very democratic
describe,please describe the situation clearly
design,she has a talent for design
despite,"despite the rain, we continued"
environment,the environment is our concern
environmental,environmental issues need attention now
especially,"especially in winter, it's cold"
establish,they aim to establish peace
even,even small changes can help
evening,the evening sky was beautiful
event,the event attracted many people
ever,have you ever been there
every,every student must attend class
everybody,everybody enjoys a good laugh
everyone,everyone should have equal rights
everything,everything went according to plan
force,he force was too strong
foreign,foreign languages are interesting to learn
forget,don't forget to lock the door
form,fill out the form completely
former,the former president gave a speech
forward,let's move forward with the plan
four,there are four apples in the basket
free,the library offers free internet access
friend,she met her friend at the cafe
from,the cat jumped from the window
front,the flowers are in front of the house
full,the glass was full of water
good,she has a good sense of humor
government,the government announced a new policy
great,it was a great day for a picnic
green,the grass is green after the rain
ground,the ground was wet from the rain
group,the group decided to go hiking
grow,the plant will grow quickly
growth,the company has seen significant growth
guess,I guess it's going to rain
gun,he keeps a gun for safety
guy,the guy next door is very friendly
history,the book covers ancient history
hit,the ball hit the window
hold,please hold the door open
home,they are renovating their home
hope,we hope for better weather
hospital,she works at the hospital
hot,the weather is very hot
hotel,they stayed at a luxury hotel
hour,the meeting lasted an hour
house,the house has four bedrooms
how,how are you feeling today
however,"however, the plan failed"
huge,the elephant is a huge animal
increase,the company plans to increase production
indeed,"indeed, it was a great performance"
indicate,the signs indicate a storm coming
individual,each individual has unique talents
industry,the industry is facing challenges
information,they require more information
inside,the cat hid inside the box
instead,"instead, let's go tomorrow"
institution,the institution is well-regarded
interest,the topic is of great interest
interesting,the story is very interesting
international,the conference has international attendees
interview,the interview went well
job,she is looking for a new job
join,they decided to join the club
just,it's just a small mistake
kid,the kid played in the park
kill,lions kill for food
kind,she is kind to everyone
kitchen,the kitchen is newly renovated
know,I know the answer
knowledge,knowledge is power
land,they own a piece of land
language,learning a new language is fun
large,the room is large and spacious
last,the last chapter was interesting
late,he arrived late to the meeting
later,let's discuss it later
laugh,her laugh is very contagious
law,obeying the law is important
lawyer,the lawyer presented the case
lay,the cat lay in the sun
lead,she will lead the project
leader,a good leader listens to others
machine,the machine is out of order
magazine,the magazine featured a famous actor
main,the main entrance is over there
maintain,it's important to maintain good health
major,it's a major decision
majority,the majority agreed with the decision
make,make sure to lock the door
man,the man walked his dog
manage,she can manage the team well
management,good management is key to success
manager,the manager will attend the meeting
national,the national park is beautiful
natural,natural beauty is all around us
nature,nature is full of wonders
near,the store is near my house
nearly,it's nearly time to go
necessary,it's necessary to study for the test
need,we need more volunteers
network,the network is down
never,never give up on your dreams
new,they moved to a new house
news,have you heard the news
once,once upon a time
one,one apple a day is healthy
only,you only live once
onto,the cat jumped onto the table
open,the store is open now
operation,the operation was successful
opportunity,this is a great opportunity
option,you have the option to choose
or,or we could go tomorrow
order,order your meal now
organization,the organization helps the needy
other,other people might disagree
participant,every participant received a medal
particular,this particular model is popular
particularly,he's particularly good at math
partner,she introduced her business partner
party,they threw a surprise party
pass,the law will pass soon
past,learn from the past mistakes
patient,the patient is recovering well
pattern,the dress has a floral pattern
pay,please pay the bill
peace,we all want world peace
people,people gathered in the square
quality,the product is of high quality
question,do you have any question
quickly,she quickly finished her work
quite,the movie was quite interesting
relationship,their relationship is very strong
religious,he follows religious practices
remain,the bird remained on the branch
remember,remember to lock the door
remove,remove the trash from the bin
report,the report will be ready soon
represent,she represents the company
Republican,he is a Republican senator
require,the project will require more time
research,research is key to success
resource,water is a vital resource
respond,he didn't respond to the email
social,social media is very popular
society,society has changed over time
soldier,the soldier returned home safely
some,some people prefer tea
somebody,somebody left their umbrella here
someone,someone will come soon
something,something is wrong with the car
sometimes,sometimes life is unpredictable
son,his son is very talented
song,the song is very catchy
soon,see you soon
sort,sort the papers by date
teacher,the teacher explained the lesson
team,the team won the match
technology,technology is advancing rapidly
television,they watched television together
tell,tell me the truth
ten,there are ten apples
tend,she tends to be quiet
term,the term lasts three months
traditional,it's a traditional recipe
training,the training session was helpful
travel,travel broadens the mind
treat,treat everyone with respect
treatment,the treatment was effective
under,look under the table
understand,I understand your point
unit,the unit is on the second floor
until,wait until tomorrow
upward,the balloon went upward
upon,the cat jumped upon the table
umbrella,always carry an umbrella
value,the painting has great value
various,there are various options
very,he is very tall
victim,the victim was unharmed
view,the view from here is beautiful
violence,violence is never the answer
visit,let's visit the museum
voice,her voice is very soothing
western,the western sky was red
what,what is your favorite color
whatever,"whatever happens, stay calm"
when,when will you arrive
where,where did you find this
whether,whether you go or stay
which,which one do you prefer
while,while you were out
yard,the yard needs mowing
yeah,"yeah, I agree with you"
year,the year has flown by
yes,"yes, that sounds good"
yet,"not yet, maybe later"
youth,the youth center is open
young,the young artist is talented
your,your keys are on the table
yourself,take care of yourself